{
  "version": 1,
  "disable_existing_loggers": false,
  "formatters": {
    "cpp_like": {
      "format": "[%(asctime)s] [%(name)s] [%(levelname)s] %(message)s",
      "datefmt": "%H:%M:%S %z"
    }
  },
  "handlers": {
    "console_handler": {
      "class": "logging.StreamHandler",
      "level": "DEBUG",
      "formatter": "cpp_like",
      "stream": "ext://sys.stdout"
    },
    "file_handler": {
      "class": "logging.handlers.TimedRotatingFileHandler",
      "level": "DEBUG",
      "formatter": "cpp_like",
      "when": "midnight",
      "filename": "logs/gcloud_python_upload.log",
      "encoding": "utf8"
    }
  },
  "root": {
    "level": "INFO",
    "handlers": ["console_handler", "file_handler"]
  }
}
